{"forecast_plot":{"width":1000,"height":600,"_type":"image-file","sha256":"d58684b9766d36c0ba8bd523180c1c30b95d90f24ddf65559050460ea3c43dd6","size":88426,"path":"media/images/forecast_plot_130_d58684b9766d36c0ba8b.png","format":"png"},"supervised_mse":0.01378811988979578,"_wandb":{"runtime":84},"epoch":49,"_step":130,"contrastive_loss":1.1830775737762451,"step":3824,"_timestamp":1.775226528094795e+09,"probe_mse":0.6184139251708984,"probe_epoch":29,"_runtime":84}